UI_20150317_000001	{@st41b}Adquira Atributos{nl}dos Mestres de cada classe.{/}
UI_20150317_000002	{@st43}Lista de Atributos {/}
UI_20150317_000003	{@st59}Fechar Lista de Atributos {/}
UI_20150317_000004	{@st43}Adquirir Atributo{/}
UI_20150317_000005	{@st59}Fechar janela de Atributos{/}
UI_20150317_000006	{@st41b}Fundos{/}
UI_20150317_000007	Conquistas
UI_20150317_000008	Ranking do Servidor
UI_20150317_000009	{@st59}Um evento inesperado está disponível.{/}
UI_20150317_000010	{@st59}Há uma nova mensagem de Ajuda{/}
UI_20150317_000011	{@st41}Tem certeza que quer fazer este tipo de flecha?{/}
UI_20150317_000012	{@st41b}Uma{/}
UI_20150317_000013	{@st41b}Todos{/}
UI_20150317_000014	{@st41b}Pausar{/}
UI_20150317_000015	{@st43}Jornal de Aventuras{/}
UI_20150317_000016	{@st43}Casa de Leilões{/}
UI_20150317_000017	{@st59}Fechar Casa de Leilões{/}
UI_20150317_000018	{memo X}{@st41b}Itens vendidos : ×%s, Itens Mantidos : ×%s{/}
UI_20150317_000019	{@st43}{s22}Leilão de Itens{/}
UI_20150317_000020	{@st59}Fechar informação da Missão{/}
UI_20150317_000021	Availest
UI_20150317_000022	{@st41b}Tempo Restante
UI_20150317_000023	3 horas 16 minutos
UI_20150317_000024	{@st41b}Preço Inicial
UI_20150317_000025	{@st41b}Ofertas
UI_20150317_000026	{@st41b}Preço Atual
UI_20150317_000027	{@st41b}Lance
UI_20150317_000028	{@st41b}Oferta mínima de {@st57}%s{@st41b}prata{/}
UI_20150317_000029	{@st41b}Oferta{/}
UI_20150317_000030	{@st43b}Compre Agora!{nl}{img icon_item_silver 20 20}{@st57}%s{/}
UI_20150317_000031	{@st44}Configurar Permissões{/}
UI_20150317_000032	{@st45}Nome: %s{/}
UI_20150317_000033	{@st45}Armazém de Grupo{/}
UI_20150317_000034	{@st49}Nenhum
UI_20150317_000035	{@st49}Loja
UI_20150317_000036	{@st49}Recuperar
UI_20150317_000037	{@st45}Pesquisa{/}
UI_20150317_000038	{@st49}Criar
UI_20150317_000039	{@st49}Deletar
UI_20150317_000040	{@st44}Salvar{/}
UI_20150317_000041	{@st44}Cancelar{/}
UI_20150317_000042	{@st43}{s22}Cabeleireiro{/}
UI_20150317_000043	{@st59}Penteado Ant.{/}
UI_20150317_000044	{@st59}Próx. Penteado{/}
UI_20150317_000045	{@st41b} Trocar {s18} (100 iCoins required) {/}
UI_20150317_000046	{@st59}Mudar para penteado selecionado.{/}
UI_20150317_000047	{@st41}Cancelar
UI_20150317_000048	{@st43}Mercado Negro{/}
UI_20150317_000049	Nome do Livro
UI_20150317_000050	{@St59}Parar de ler{/}
UI_20150317_000051	{@st59}Página Ant.{/}
UI_20150317_000052	{@st59}Próx. Página{/}
UI_20150317_000053
UI_20150317_000054
UI_20150317_000055
UI_20150317_000056
UI_20150317_000057
UI_20150317_000058
UI_20150317_000059
UI_20150317_000060
UI_20150317_000061
UI_20150317_000062
UI_20150317_000063
UI_20150317_000064
UI_20150317_000065
UI_20150317_000066
UI_20150317_000067
UI_20150317_000068
UI_20150317_000069
UI_20150317_000070
UI_20150317_000071
UI_20150317_000072
UI_20150317_000073
UI_20150317_000074
UI_20150317_000075
UI_20150317_000076
UI_20150317_000077
UI_20150317_000078
UI_20150317_000079
UI_20150317_000080
UI_20150317_000081
UI_20150317_000082
UI_20150317_000083
UI_20150317_000084
UI_20150317_000085
UI_20150317_000086
UI_20150317_000087
UI_20150317_000088
UI_20150317_000089
UI_20150317_000090
UI_20150317_000091
UI_20150317_000092
UI_20150317_000093
UI_20150317_000094
UI_20150317_000095
UI_20150317_000096
UI_20150317_000097
UI_20150317_000098
UI_20150317_000099
UI_20150317_000100
UI_20150317_000101
UI_20150317_000102
UI_20150317_000103
UI_20150317_000104
UI_20150317_000105
UI_20150317_000106
UI_20150317_000107
UI_20150317_000108
UI_20150317_000109
UI_20150317_000110
UI_20150317_000111
UI_20150317_000112
UI_20150317_000113
UI_20150317_000114
UI_20150317_000115
UI_20150317_000116
UI_20150317_000117
UI_20150317_000118
UI_20150317_000119
UI_20150317_000120
UI_20150317_000121
UI_20150317_000122
UI_20150317_000123
UI_20150317_000124
UI_20150317_000125
UI_20150317_000126
UI_20150317_000127
UI_20150317_000128
UI_20150317_000129
UI_20150317_000130
UI_20150317_000131
UI_20150317_000132
UI_20150317_000133
UI_20150317_000134
UI_20150317_000135
UI_20150317_000136
UI_20150317_000137
UI_20150317_000138
UI_20150317_000139
UI_20150317_000140
UI_20150317_000141
UI_20150317_000142
UI_20150317_000143
UI_20150317_000144
UI_20150317_000145
UI_20150317_000146
UI_20150317_000147
UI_20150317_000148
UI_20150317_000149
UI_20150317_000150
UI_20150317_000151
UI_20150317_000152
UI_20150317_000153
UI_20150317_000154
UI_20150317_000155
UI_20150317_000156
UI_20150317_000157
UI_20150317_000158
UI_20150317_000159
UI_20150317_000160
UI_20150317_000161
UI_20150317_000162
UI_20150317_000163
UI_20150317_000164
UI_20150317_000165
UI_20150317_000166
UI_20150317_000167
UI_20150317_000168
UI_20150317_000169
UI_20150317_000170
UI_20150317_000171
UI_20150317_000172
UI_20150317_000173
UI_20150317_000174
UI_20150317_000175
UI_20150317_000176
UI_20150317_000177
UI_20150317_000178
UI_20150317_000179
UI_20150317_000180
UI_20150317_000181
UI_20150317_000182
UI_20150317_000183
UI_20150317_000184
UI_20150317_000185
UI_20150317_000186
UI_20150317_000187
UI_20150317_000188
UI_20150317_000189
UI_20150317_000190
UI_20150317_000191
UI_20150317_000192
UI_20150317_000193
UI_20150317_000194
UI_20150317_000195
UI_20150317_000196
UI_20150317_000197
UI_20150317_000198
UI_20150317_000199
UI_20150317_000200
UI_20150317_000201
UI_20150317_000202
UI_20150317_000203
UI_20150317_000204
UI_20150317_000205
UI_20150317_000206
UI_20150317_000207
UI_20150317_000208
UI_20150317_000209
UI_20150317_000210
UI_20150317_000211
UI_20150317_000212
UI_20150317_000213
UI_20150317_000214
UI_20150317_000215
UI_20150317_000216
UI_20150317_000217
UI_20150317_000218
UI_20150317_000219
UI_20150317_000220
UI_20150317_000221
UI_20150317_000222
UI_20150317_000223
UI_20150317_000224
UI_20150317_000225
UI_20150317_000226
UI_20150317_000227
UI_20150317_000228
UI_20150317_000229
UI_20150317_000230
UI_20150317_000231
UI_20150317_000232
UI_20150317_000233
UI_20150317_000234
UI_20150317_000235
UI_20150317_000236
UI_20150317_000237
UI_20150317_000238
UI_20150317_000239
UI_20150317_000240
UI_20150317_000241
UI_20150317_000242
UI_20150317_000243
UI_20150317_000244
UI_20150317_000245
UI_20150317_000246
UI_20150317_000247
UI_20150317_000248
UI_20150317_000249
UI_20150317_000250
UI_20150317_000251
UI_20150317_000252
UI_20150317_000253
UI_20150317_000254
UI_20150317_000255
UI_20150317_000256
UI_20150317_000257
UI_20150317_000258
UI_20150317_000259
UI_20150317_000260
UI_20150317_000261
UI_20150317_000262
UI_20150317_000263
UI_20150317_000264
UI_20150317_000265
UI_20150317_000266
UI_20150317_000267
UI_20150317_000268
UI_20150317_000269
UI_20150317_000270
UI_20150317_000271
UI_20150317_000272
UI_20150317_000273
UI_20150317_000274
UI_20150317_000275
UI_20150317_000276
UI_20150317_000277
UI_20150317_000278
UI_20150317_000279
UI_20150317_000280
UI_20150317_000281
UI_20150317_000282
UI_20150317_000283
UI_20150317_000284
UI_20150317_000285
UI_20150317_000286
UI_20150317_000287
UI_20150317_000288
UI_20150317_000289
UI_20150317_000290
UI_20150317_000291
UI_20150317_000292
UI_20150317_000293
UI_20150317_000294
UI_20150317_000295
UI_20150317_000296
UI_20150317_000297
UI_20150317_000298
UI_20150317_000299
UI_20150317_000300
UI_20150317_000301
UI_20150317_000302
UI_20150317_000303
UI_20150317_000304
UI_20150317_000305
UI_20150317_000306
UI_20150317_000307
UI_20150317_000308
UI_20150317_000309
UI_20150317_000310
UI_20150317_000311
UI_20150317_000312
UI_20150317_000313
UI_20150317_000314
UI_20150317_000315
UI_20150317_000316
UI_20150317_000317
UI_20150317_000318
UI_20150317_000319
UI_20150317_000320
UI_20150317_000321
UI_20150317_000322
UI_20150317_000323
UI_20150317_000324
UI_20150317_000325
UI_20150317_000326
UI_20150317_000327
UI_20150317_000328
UI_20150317_000329
UI_20150317_000330
UI_20150317_000331
UI_20150317_000332
UI_20150317_000333
UI_20150317_000334
UI_20150317_000335
UI_20150317_000336
UI_20150317_000337
UI_20150317_000338
UI_20150317_000339
UI_20150317_000340
UI_20150317_000341
UI_20150317_000342
UI_20150317_000343
UI_20150317_000344
UI_20150317_000345
UI_20150317_000346
UI_20150317_000347
UI_20150317_000348
UI_20150317_000349
UI_20150317_000350
UI_20150317_000351
UI_20150317_000352
UI_20150317_000353
UI_20150317_000354
UI_20150317_000355
UI_20150317_000356
UI_20150317_000357
UI_20150317_000358
UI_20150317_000359
UI_20150317_000360
UI_20150317_000361
UI_20150317_000362
UI_20150317_000363
UI_20150317_000364
UI_20150317_000365
UI_20150317_000366
UI_20150317_000367
UI_20150317_000368
UI_20150317_000369
UI_20150317_000370
UI_20150317_000371
UI_20150317_000372
UI_20150317_000373
UI_20150317_000374
UI_20150317_000375
UI_20150317_000376
UI_20150317_000377
UI_20150317_000378
UI_20150317_000379
UI_20150317_000380
UI_20150317_000381
UI_20150317_000382
UI_20150317_000383
UI_20150317_000384
UI_20150317_000385
UI_20150317_000386
UI_20150317_000387
UI_20150317_000388
UI_20150317_000389
UI_20150317_000390
UI_20150317_000391
UI_20150317_000392
UI_20150317_000393
UI_20150317_000394
UI_20150317_000395
UI_20150317_000396
UI_20150317_000397
UI_20150317_000398
UI_20150317_000399
UI_20150317_000400
UI_20150317_000401
UI_20150317_000402
UI_20150317_000403
UI_20150317_000404
UI_20150317_000405
UI_20150317_000406
UI_20150317_000407
UI_20150317_000408
UI_20150317_000409
UI_20150317_000410
UI_20150317_000411
UI_20150317_000412
UI_20150317_000413
UI_20150317_000414
UI_20150317_000415
UI_20150317_000416
UI_20150317_000417
UI_20150317_000418
UI_20150317_000419
UI_20150317_000420
UI_20150317_000421
UI_20150317_000422
UI_20150317_000423
UI_20150317_000424
UI_20150317_000425
UI_20150317_000426
UI_20150317_000427
UI_20150317_000428
UI_20150317_000429
UI_20150317_000430
UI_20150317_000431
UI_20150317_000432
UI_20150317_000433
UI_20150317_000434
UI_20150317_000435
UI_20150317_000436
UI_20150317_000437
UI_20150317_000438
UI_20150317_000439
UI_20150317_000440
UI_20150317_000441
UI_20150317_000442
UI_20150317_000443
UI_20150317_000444
UI_20150317_000445
UI_20150317_000446
UI_20150317_000447
UI_20150317_000448
UI_20150317_000449
UI_20150317_000450
UI_20150317_000451
UI_20150317_000452
UI_20150317_000453
UI_20150317_000454
UI_20150317_000455
UI_20150317_000456
UI_20150317_000457
UI_20150317_000458
UI_20150317_000459
UI_20150317_000460
UI_20150317_000461
UI_20150317_000462
UI_20150317_000463
UI_20150317_000464
UI_20150317_000465
UI_20150317_000466
UI_20150317_000467
UI_20150317_000468
UI_20150317_000469
UI_20150317_000470
UI_20150317_000471
UI_20150317_000472
UI_20150317_000473
UI_20150317_000474
UI_20150317_000475
UI_20150317_000476
UI_20150317_000477
UI_20150317_000478
UI_20150317_000479
UI_20150317_000480
UI_20150317_000481
UI_20150317_000482
UI_20150317_000483
UI_20150317_000484
UI_20150317_000485
UI_20150317_000486
UI_20150317_000487
UI_20150317_000488
UI_20150317_000489
UI_20150317_000490
UI_20150317_000491
UI_20150317_000492
UI_20150317_000493
UI_20150317_000494
UI_20150317_000495
UI_20150317_000496
UI_20150317_000497
UI_20150317_000498
UI_20150317_000499
UI_20150317_000500
UI_20150317_000501	misturar, mixar e misturar
UI_20150317_000502	{@st43}Categoria{/}
UI_20150317_000503	{@st43}Eu{/}
UI_20150317_000504	{@st43}Alvo{/}
UI_20150317_000505	{@st43}Level{/}
UI_20150317_000506	{@st43}Prata{/}
UI_20150317_000507	{@st43}Grau{/}
UI_20150317_000508	{@st43}Taxa de vitórias PvP{/}
UI_20150317_000509	{@st59}Fechar Janela{/}
UI_20150317_000510	{@sti5}Total da compra: %s{/}
UI_20150317_000511	{@sti5}Quantidade total : %s{/}
UI_20150317_000512	{@st41b} Comprar
UI_20150317_000513	{@st43} Adquiriu ingredientes para fabricar itens!
UI_20150317_000514	{@st43}Magnum Opus{/}
UI_20150317_000515	{@st41}Excluir tudo
UI_20150317_000516	{@st42}Pension target {@stx1}(%s required){/}
UI_20150317_000517	{@st41}Combinação
UI_20150317_000518	{@st43}Quest{/}
UI_20150317_000519	${@st59b}Quests{nl}{@st59s} - Quando você estiver numa nova quest, ela será adicionada ao registro de quests. {nl} - As quests principais aparecerão em amarelo, enquanto uma subquest aparecerá em azul. {nl} - A seta nos pés do personagem direcionará para o local da quest. {nl} - Se você completar uma quest, um ícone "Retonar" irá aparecer no registro de quests. {nl} (Teleporta você para o NPC da quest através da tecla Backspace ou de um clique do mouse) {nl} - Adicione ou remova quests no registro de quest marcando ou desmarcando a caixa na frente do nome da quest. {/}
UI_20150317_000520	{@st41b}Em Progresso{/}
UI_20150317_000521	{@st41b}Abandonar{/}
UI_20150317_000522	{@st43}{s22}Informações da Quest{/}
UI_20150317_000523	Missão Completa
UI_20150317_000524	{@st41}Completo{/}
UI_20150317_000525	Informações de progressão da quest
UI_20150317_000526	{s18}{ol}Informações da Quest
UI_20150317_000527	{S16}Tempo restante
UI_20150317_000528	Usar item de quest
UI_20150317_000529	Dica da quest
UI_20150317_000530	{@st41}OK{/}
UI_20150317_000531	{@st43}{s22}Quest Completa{/}
UI_20150317_000532	{@st41b}Completo {/}
UI_20150317_000533	{@st41}Aceitar{/}
UI_20150317_000534	{@st41}Recusar{/}
UI_20150317_000535	{@st44}Voltar{/}
UI_20150317_000536	Para qual quest você gostaria de voltar?
UI_20150317_000537	{@st41b}Nome da classe da quest{/}
UI_20150317_000538	{@st59}Expandir slot {/}
UI_20150317_000539	{@st59}Reduzir slot{/}
UI_20150317_000540	{memo X}{@st59}Invocar Mascote{/}
UI_20150317_000541	{@st44}Menu{/}
UI_20150317_000542	{@st60}Selecionar Personagem{/}
UI_20150317_000543	{@st60}Deslogar{/}
UI_20150317_000544	{@st60}Sair do Jogo{/}
UI_20150317_000545	{@st60}Configurações do jogo{/}
UI_20150317_000546	{@st60}Voltar{/}
UI_20150317_000547	{@st41}Pular Tutorial{/}
UI_20150317_000548	{@st41}Selecionar Personagem{/}
UI_20150317_000549	{@st41}Deslogar{/}
UI_20150317_000550	{@st41}Sair do Jogo{/}
UI_20150317_000551	{@st41}Voltar{/}
UI_20150317_000552	{@st43}{s22}Preparar Raid!
UI_20150317_000553	{@st41b}Monstros estão se aproximando dos arredores do castelo. Só você pode resolver esse problema.
UI_20150317_000554	{@st43}{s22}Configurações do Jogo{/}
UI_20150317_000555	{@sti7}Procurando grupo para raid..{/}
UI_20150317_000556	{@st41b}Cancelar participação
UI_20150317_000557	{@st41b}Vou tentar resolver!
UI_20150317_000558	{@st41b}Eu não acho que posso ajudar agora...
UI_20150317_000559	{@sti7}{s24}Selecione a recompensa da raid{/}
UI_20150317_000560	{@st42b}Tempo restante {@st43}%s{@st42b} segundos{/}
UI_20150317_000561	{@st41b}Aumentar número de seleções
UI_20150317_000562	{@43b}{s22} Nº. de vezes selecionadas : {@st43}%s{/}
UI_20150317_000563	shadow_box tentativeremoval
UI_20150317_000564	{@st43}Ranking{/}
UI_20150317_000565	{@st59}Fechar Janela de Ranking{/}
UI_20150317_000566	{@st41}Top 100 Caçadores de monstros{/}
UI_20150317_000567	{@st41}Top 100 Dano{/}
UI_20150317_000568	{@st41}Top 100 Prata{/}
UI_20150317_000569	{@st41}Top 100 Level Up{/}
UI_20150317_000570	{@st41b}Menu{/}
UI_20150317_000571	{@st43}{s22}Aprimorar item{/}
UI_20150317_000572	{@st41b}Item a ser aprimorado
UI_20150317_000573	{@st41b}Bigorna
UI_20150317_000574	{@st41}{s20}Contador de golpes na bigorna :{@st43} %s
UI_20150317_000575	{@st41} {s20}Preço : %s
UI_20150317_000576	{@st41b}Aprimorar{/}
UI_20150317_000577	{@st59}Começar aprimoramento de item.{/}
UI_20150317_000578	{@st59}Fechar Aprimoramento de item{/}
UI_20150317_000579	Tem certeza que deseja aprimorar os itens {@st41b} {@sti9}%s ea {/} selecionados?{/}
UI_20150317_000580	{@st43}Aprimorar
UI_20150317_000581	{@st44}Aprimorar item{/}
UI_20150317_000582	{S24}{b}{#000000}Aprimoramento completo!
UI_20150317_000583	{@st41}Aprimorar novamente{/}
UI_20150317_000584	{@st41}Fechar{/}
UI_20150317_000585	{s18}{ol}{gr gradation1}Reparar Equipamento{/}
UI_20150317_000586	Equipmento usado
UI_20150317_000587	Equipmento em posse
UI_20150317_000588	{Gr gradation1}Selecionar tudo{/}
UI_20150317_000589	Selecionar tudo
UI_20150317_000590	{Gr gradation1}Reparar{/}
UI_20150317_000591	{@st43}Reparar{/}
UI_20150317_000592	Lista de itens para reparo
UI_20150317_000593	{@st41b}Custo do reparo{/}
UI_20150317_000594	{@st41b}Balanço esperado{/}
UI_20150317_000595	{@st41b}Reparar equipamento{/}
UI_20150317_000596	Reparar o equipamento selecionado.
UI_20150317_000597	{@st59}Fechar reparo de item{/}
UI_20150317_000598	{@st43}Reparar Item{/}
UI_20150317_000599	{@st41}Lista de itens para reparar{/}
UI_20150317_000600	{@st44}Reparar item{/}
UI_20150317_000601	{@st42}Reparar{/}
UI_20150317_000602	{@st59}Reparar com as configurações atuais{/}
UI_20150317_000603	{@st59}Não reparar{/}
UI_20150317_000604	{@st44}Continuar{/}
UI_20150317_000605	{@st41b}Você está {/}{s20}{#cc6600}{ol} incapaz de lutar{/}{@st41b}{/}
UI_20150317_000606	{@st41b}Renascer no ponto de retorno mais próximo{/}
UI_20150317_000607	{@st41b} Renascer aqui (%s Moedas necessárias) {/}
UI_20150317_000608	{@st41b}Voltar ao campo{/}
UI_20150317_000609	{@st41b}Abandonar quest e recomeçar{/}
UI_20150317_000610	{@st41b}Tentar novamente{/}
UI_20150317_000611	Santuário da Ressurreição (70031)
UI_20150317_000612	O item necessário está faltando.
UI_20150317_000613	Atalho de Descanso
UI_20150317_000614	{@st43}Caixa de diálogo{/}
UI_20150317_000615	Nome temporário
UI_20150317_000616	{@st41b} {s18} falta de espaço no inventário
UI_20150317_000617	Seu inventário está cheio e você não pode pegar o item{nl}Por favor libere espaço no seu inventário.
UI_20150317_000618	{@st44}Item de Conjunto adquirido!{/}
UI_20150317_000619	Por favor selecione um item
UI_20150317_000620	{@st59b} Loja {nl} {@st59s} - Clique com o botão direito e entre com a quantidade para comprar mais de uma unidade {nl} - Clique com o botão direito duas vezes para vender tudo de uma vez{/}
UI_20150317_000621	{@st59}Fechar loja{/}
UI_20150317_000622	{@st59}Primeira página{/}
UI_20150317_000623	{@st59}Próxima página{/}
UI_20150317_000624	{@st59}Última página{/}
UI_20150317_000625	{@st41b}Resetar{/}
UI_20150317_000626	{@st59}Resetar carrinho de compras{/}
UI_20150317_000627	{@st41b}Confirmar{/}
UI_20150317_000628	{@st59}Confirmar transação{/}
UI_20150317_000629	{@st43}Loja{/}
UI_20150317_000630	{@st41b}Itens à comprar{/}
UI_20150317_000631	{@st41b}Itens à vender{/}
UI_20150317_000632	{@st41b}Preço{/}
UI_20150317_000633	{@st41b}Balanço{/}
UI_20150317_000634	{@st41b}Meus itens vendidos{/}
UI_20150317_000635	{@st41}Espaços vazios{/}
UI_20150317_000636	{@st43}Total{/}
UI_20150317_000637	{@st41}Estabelecer transação{/}
UI_20150317_000638	{@st41}Balanço esperado{/}
UI_20150317_000639	{@st41}Itens comprados{/}
UI_20150317_000640	{@sti1c}Simony
UI_20150317_000641	{@st41}Habilidades de fabricação
UI_20150317_000642	{@st42}Level %s{/}
UI_20150317_000643	Custos de fabricação
UI_20150317_000644	Quantidade de fabricação
UI_20150317_000645	Aproximadamente %s segundos necessários
UI_20150317_000646	{@st41}Criar
UI_20150317_000647	{@st43}Habilidades e atributos de classe{/}
UI_20150317_000648	{@st59}Fechar habilidades e atributos de classe{/}
UI_20150317_000649	{@st59b}Classes{nl}{@st59s}- Aumente o círculo de sua classe para ganhar mais habilidades. {nl} - Você pode escolher entre 3 opções quando for avançar da 1ª para 2ª classe. {nl} - Você pode avançar para a mesma classe até 3 vezes. {nl} - Não é possível retornar à classe anterior após mudar de classe. {nl} - Você deve consumir todos os pontos de habilidade para poder avançar. {nl} - Você pode escolher continuar na mesma classe. {nl} {nl} {@st59b}Habilidades{nl}{@st59s}- Cada habilidade pode chegar até o nível 5. {nl} - Atributos adquiridos de Mestres podem ser visualizados abaixo das habilidades. {/}
UI_20150317_000650	{@st41b}Aplicar{/}
UI_20150317_000651	{@st59}Aplicar pontos de habilidade{/}
UI_20150317_000652	Clérigo
UI_20150317_000653	{@st59}Cancelar distribuição de pontos{/}
UI_20150317_000654	Aprendendo{#ff4400}%s (%slevel){/}...
UI_20150317_000655	Psychohassle
UI_20150317_000656	%s minutos restantes
UI_20150317_000657	{@st43}Pose{/}
UI_20150317_000658	{@st59}Fechar pose{/}
UI_20150317_000659	{@st41}Anúncio{/}
UI_20150317_000660	{@st41}Trocar{/}
UI_20150317_000661	{@st41}Funções sociais{/}
UI_20150317_000662	{@st41b}Escrever{/}
UI_20150317_000663	{@st41}Registrar{/}
UI_20150317_000664	{@st59}Registrar post{/}
UI_20150317_000665	{@st41}Criar Minha Página{/}
UI_20150317_000666	{@st59}Publicar Minha Página{/}
UI_20150317_000667	{@st59}Escreva saudações{/}
UI_20150317_000668	{@st41b}1. Menu{/}
UI_20150317_000669	{@st41}Visitar{/}
UI_20150317_000670	{@st59}Visitar Minha Página{/}
UI_20150317_000671	{@st41}Vender{/}
UI_20150317_000672	{@st59}Vender item{/}
UI_20150317_000673	{@st43}Casa{/}
UI_20150317_000674	{@st59}Fechar Casa{/}
UI_20150317_000675	{@st41}Ver tudo{/}
UI_20150317_000676	{@st41}Criar mapa{/}
UI_20150317_000677	{@st41}%s/min (%s em mãos){/}
UI_20150317_000678	Guerreiro do Teclado
UI_20150317_000679	{@st42}%s{/}{@st42_yellow}Level{/}
UI_20150317_000680	{@st41_yellow}Tempo de contrato
UI_20150317_000681	{@st43}Grafite{/}
UI_20150317_000682	{@st59}Fechar Spray{/}
UI_20150317_000683	{@st41b}Dica: Desenhe uma imagem no quadro abaixo{/}
UI_20150317_000684	{@st41b}Cores{/}
UI_20150317_000685	{@st41b}Quantidade{/}
UI_20150317_000686	{@st41b}Pincel{/}
UI_20150317_000687	{@st43}Desenhar{/}
UI_20150317_000688	{@st59}Desenhar a imagem completa no chão.{/}
UI_20150317_000689	{@st41b}{a SAVE_EDIT_SPRAY}Salvar{/}{/}
UI_20150317_000690	{@st59}Salvar desenhos{/}
UI_20150317_000691	{@st41b}{a LOAD_EDIT_SPRAY}Carregar{/}{/}
UI_20150317_000692	{@st59}Carregar imagens que você desenhou.{/}
UI_20150317_000693	{@st59}Cor 1 selecionada{/}
UI_20150317_000694	{@st59}Cor 2 selecionada{/}
UI_20150317_000695	{@st59}Lista de cores{/}
UI_20150317_000696	{@st59}Pincel selecionado{/}
UI_20150317_000697	{@st59}Pincel 1{/}
UI_20150317_000698	{@st59}Pincel 2{/}
UI_20150317_000699	{@st59}Pincel 3{/}
UI_20150317_000700	{@st59}Pincel 4{/}
UI_20150317_000701	{@st59}Pincel 5{/}
UI_20150317_000702	{@st59}Pincel 6{/}
UI_20150317_000703	{@st49}Pessoas que gostaram disso{/}
UI_20150317_000704	{s20}{#050505}Descreva
UI_20150317_000705	{@st41} Todos {/}
UI_20150317_000706	{@st41} Grupo {/}
UI_20150317_000707	{@st41} Monstro {/}
UI_20150317_000708	{@st41b}{#f0dcaa}Pontos de atributos restantes ▶ {@st46}%s
UI_20150317_000709	{@st59b}Minhas informações{nl}{@st59s}- Atributos : Ganhe pontos subindo de level e os use para aprimorar 5 atributos. {nl}- Informação : Informação baseada nos atributos e equipamentos atuais {nl}- Título : Pode ser adquirido completando missões {nl} {/}
UI_20150317_000710	{@st41b}Informação{/}
UI_20150317_000711	{@st41b}Título{/}
UI_20150317_000712	Mostrar classe
UI_20150317_000713	Mostrar nome de personagem
UI_20150317_000714	{@st59}Mudar nome do personagem{/}
UI_20150317_000715	{@st41b}Aplicar
UI_20150317_000716	{@st59}Usar pontos de atributos{/}
UI_20150317_000717	{@st41b}Cancelar
UI_20150317_000718	{@st59}Cancelar distribuição de atributos{/}
UI_20150317_000719	Nome do PC
UI_20150317_000720	{@st41_yellow}Level: {@st41}%s{/}
UI_20150317_000721	{@st41_yellow}Habilidades de Mercenário
UI_20150317_000722	{@st43}Efeitos de ataque{/}
UI_20150317_000723	{@st43}Efeitos de defesa{/}
UI_20150317_000724	{@st43}Status{/}
UI_20150317_000725	systemmenu_vertical tentative removal
UI_20150317_000726	{@st59}Informação do personagem (F1){/}
UI_20150317_000727	{@st59}Inventário (F2){/}
UI_20150317_000728	{@st59}Classe e Habilidades (F3){/}
UI_20150317_000729	{@st59}Jornal do Aventureiro (F4){/}
UI_20150317_000730	{@st59}Quest (F5){/}
UI_20150317_000731	{@st59}Grupo (F6){/}
UI_20150317_000732	{@st59}Amigos (F7){/}
UI_20150317_000733	{@st59} Macro (F8) {/}
UI_20150317_000734	{@st59} Mascote (F9) {/}
UI_20150317_000735	{@st59} Ajuda (F10) {/}
UI_20150317_000736	{@st59}Menu do sistema (Esc){/}
UI_20150317_000737	{@st59}Necronomicon{/}
UI_20150317_000738	Ajuda(F1)
UI_20150317_000739	Conteúdo
UI_20150317_000740	Ver detalhes
UI_20150317_000741	{@st43}Configurações do jogo{/}
UI_20150317_000742	{@st43}Jogo{/}
UI_20150317_000743	{@st41b}Mostrar EXP adquirida{/}
UI_20150317_000744	{@st41b}Mostrar nome do personagem{/}
UI_20150317_000745	{@st41b} Mostrar apenas o nome do time {/}
UI_20150317_000746	{@st41b}Mostrar guia de quests{/}
UI_20150317_000747	{@st43}Tela{/}
UI_20150317_000748	{@st43}Gráficos{/}
UI_20150317_000749	{@st41b}Tela cheia{/}
UI_20150317_000750	{@st41b}Modo janela{/}
UI_20150317_000751	{@st43}Som{/}
UI_20150317_000752	{@st41b}Volume dos efeitos sonoros (%s){/}
UI_20150317_000753	{@st41b}Volume da música (%s){/}
UI_20150317_000754	{@st41b}Volume (%s){/}
UI_20150317_000755	{@ St43}{b}             Selecione o idioma {/}{/}
UI_20150317_000756	{@st59}Fechar configurações{/}
UI_20150317_000757	Menor modo {@st41b} {/}
UI_20150317_000758	{@st41b}Ver{/}
UI_20150317_000759	{@st59}Créditos{/}
UI_20150317_000760	Janela de Buffs
UI_20150317_000761	{@st46}imagem da IMC
UI_20150317_000762	{@st46}%s imagem
UI_20150317_000763	{@st46}Curtir
UI_20150317_000764	{@st46}Reportar
UI_20150317_000765	{@st46}Usar conservantes
UI_20150317_000766	{@st46}Remover Imagem
UI_20150317_000767	Alucinação da Neve
UI_20150317_000768	Bouquet
UI_20150317_000769	{@st41} Presentes
UI_20150317_000770	Por favor insira a quantidade.
UI_20150317_000771	{@st53b}%s Vitórias %s Derrotas
UI_20150317_000772	{@st42}Programação de hoje
UI_20150317_000773	{@st53}Para começar :
UI_20150317_000774	{@st53b}Presentes recebidos : %s ea
UI_20150317_000775	{@st43b}Mandar presente para %s{/}
UI_20150317_000776	{@st55_a}Próximo jogo
UI_20150317_000777	{@st53}- Clique no nome para assistir{nl}- Botão direito para enviar presentes
UI_20150317_000778	Meu personagem como câmera
UI_20150317_000779	{@st55_a}Parabéns!
UI_20150317_000780	{@st42}Mudar câmera
UI_20150317_000781	{@st44}Registro de aventuras{/}
UI_20150317_000782	{@st59}Mudar configurações de visualização{/}
UI_20150317_000783	{@st41} Estatísticas {/}
UI_20150317_000784	{@st41 }Fabricar {/}
UI_20150317_000785	{@st41} Caçar {/}
UI_20150317_000786	{@st41} Ajuda {/}
UI_20150317_000787	{@st44}Página da Wiki{/}
UI_20150317_000788	{@st42}Informação{/}
UI_20150317_000789	{@st42}Detalhes{/}
UI_20150317_000790	{@st42}Combate{/}
UI_20150317_000791	{@st42}Adquirir{/}
UI_20150317_000792	{@st59}Fechar página{/}
UI_20150317_000793	{@st43}Campo de batalha
UI_20150317_000794	{@st59}Fechar campo de batalha.
UI_20150317_000795	(Bronze 3)
UI_20150317_000796	{@sti8}Pontos adquiridos hoje : {nl}%s{/}
UI_20150317_000797	{@st41}Loja de pontos
UI_20150317_000798	{@st41}Rankings
UI_20150317_000799	{@st42}Horários do campo de batalha
UI_20150317_000800	{@st42}Eventos recentes
UI_20150317_000801
UI_20150317_000802
UI_20150317_000803
UI_20150317_000804
UI_20150317_000805
UI_20150317_000806
UI_20150317_000807
UI_20150317_000808
UI_20150317_000809
UI_20150317_000810
UI_20150317_000811
UI_20150317_000812
UI_20150317_000813
UI_20150317_000814
UI_20150317_000815
UI_20150317_000816
UI_20150317_000817
UI_20150317_000818
UI_20150317_000819
UI_20150317_000820
UI_20150317_000821
UI_20150317_000822
UI_20150317_000823
UI_20150317_000824
UI_20150317_000825
UI_20150317_000826
UI_20150317_000827
UI_20150317_000828
UI_20150317_000829
UI_20150317_000830
UI_20150317_000831
UI_20150317_000832
UI_20150317_000833
UI_20150317_000834
UI_20150317_000835
UI_20150317_000836
UI_20150317_000837
UI_20150317_000838
UI_20150317_000839
UI_20150317_000840
UI_20150317_000841
UI_20150317_000842
UI_20150317_000843
UI_20150317_000844
UI_20150317_000845
UI_20150317_000846
UI_20150317_000847
UI_20150317_000848
UI_20150317_000849
UI_20150317_000850
UI_20150317_000851
UI_20150317_000852
UI_20150317_000853
UI_20150317_000854
UI_20150317_000855
UI_20150317_000856
UI_20150317_000857
UI_20150317_000858
UI_20150317_000859
UI_20150317_000860
UI_20150317_000861
UI_20150317_000862
UI_20150317_000863
UI_20150317_000864
UI_20150317_000865
UI_20150317_000866
UI_20150317_000867
UI_20150317_000868
UI_20150317_000869
UI_20150317_000870
UI_20150317_000871
UI_20150317_000872
UI_20150317_000873
UI_20150317_000874
UI_20150317_000875
UI_20150317_000876
UI_20150317_000877
UI_20150317_000878
UI_20150317_000879
UI_20150317_000880
UI_20150317_000881
UI_20150317_000882
UI_20150317_000883
UI_20150317_000884
UI_20150317_000885
UI_20150317_000886
UI_20150317_000887
UI_20150317_000888
UI_20150317_000889
UI_20150317_000890
UI_20150317_000891
UI_20150317_000892
UI_20150317_000893
UI_20150317_000894
UI_20150317_000895
UI_20150317_000896
UI_20150317_000897
UI_20150317_000898
UI_20150317_000899
UI_20150317_000900
UI_20150317_000901
UI_20150317_000902
UI_20150317_000903
UI_20150317_000904
UI_20150317_000905
UI_20150317_000906
UI_20150317_000907
UI_20150317_000908
UI_20150317_000909
UI_20150317_000910
UI_20150317_000911
UI_20150317_000912
UI_20150317_000913
UI_20150317_000914
UI_20150317_000915
UI_20150317_000916
UI_20150317_000917
UI_20150317_000918
UI_20150317_000919
UI_20150317_000920
UI_20150317_000921
UI_20150317_000922
UI_20150317_000923
UI_20150317_000924
UI_20150317_000925
UI_20150317_000926
UI_20150317_000927
UI_20150317_000928
UI_20150317_000929
UI_20150317_000930
UI_20150317_000931
UI_20150317_000932
UI_20150317_000933
UI_20150317_000934
UI_20150317_000935
UI_20150317_000936
UI_20150317_000937
UI_20150317_000938
UI_20150317_000939
UI_20150317_000940
UI_20150317_000941
UI_20150317_000942
UI_20150317_000943
UI_20150317_000944
UI_20150317_000945
UI_20150317_000946
UI_20150317_000947
UI_20150317_000948
UI_20150317_000949
UI_20150317_000950
UI_20150317_000951	{@st59}Coloque o nome do time {/}
UI_20150317_000952	{@st59}Salvar nome do time{/}
UI_20150317_000953	Esclusão provisória
UI_20150317_000954	{@St59}Fechar Decoração da Barraca{/}
UI_20150317_000955	{@St43}Decoração da Barraca{/}
UI_20150317_000956	{@St41b}Tema{/}
UI_20150317_000957	{@St41b}Arranjo dos Itens{/}
UI_20150317_000958	{@St41b}Nome
UI_20150317_000959	{@St41b}Preço
UI_20150317_000960	{@St41b}Status
UI_20150317_000961	{@St44}Novo personagem{/}
UI_20150317_000962	{@St41b}{s22}Selecionar classe do personagem{/}
UI_20150317_000963	{@St41b}Voltar{/}
UI_20150317_000964	{@St59}Voltar para o alojamento
UI_20150317_000965	Mudar personagem
UI_20150317_000966	{@St41}Personagem{/}
UI_20150317_000967	{@St59}Rotação horária{/}
UI_20150317_000968	{@St59}Rotação anti-horária{/}
UI_20150317_000969	{@St43b}Rotacionar Personagem{/}
UI_20150317_000970	{@st43}Nome do personagem{/}
UI_20150317_000971	Coloque um nome para {@st59} {/}
UI_20150317_000972	{@St43b}Escolha o sexo{/}
UI_20150317_000973	{@St59}Feminino{/}
UI_20150317_000974	{@St59}Masculino{/}
UI_20150317_000975	{@st43b}Escolha o Penteado{/}
UI_20150317_000976	{@st59}Penteado1{/}
UI_20150317_000977	{@st59}Penteado2{/}
UI_20150317_000978	{@St59}Penteado3{/}
UI_20150317_000979	{@st59}Penteado4{/}
UI_20150317_000980	{@st59}Penteado5{/}
UI_20150317_000981	{@st59}Penteado6{/}
UI_20150317_000982	{@st59}Penteado7{/}
UI_20150317_000983	{@st59}Penteado8{/}
UI_20150317_000984	{@st59}Penteado9{/}
UI_20150317_000985	{@st59}Penteado10{/}
UI_20150317_000986	{@St43b}Selecionar Classe{/}
UI_20150317_000987	{@st59}Espadachim{/}
UI_20150317_000988	{@st59}Bruxo{/}
UI_20150317_000989	{@st59}Arqueiro{/}
UI_20150317_000990	{@st59}Clérigo{/}
UI_20150317_000991	{@St41b}Visitar Barraca{/}
UI_20150317_000992	{@St59}Visitar a barraca de outro jogador.{/}
UI_20150317_000993	{@St41b}Deslogar{/}
UI_20150317_000994	{@St59}Vá para a tela de seleção de servidor{/}
UI_20150317_000995	{@St41b}Fechar Jogo{/}
UI_20150317_000996	{@St59}Fechar Tree of Savior{/}
UI_20150317_000997	{@st41b}Selecionar Canal{/}
UI_20150317_000998	{memo X}{@st43}Entrar{/}
UI_20150317_000999	{@St59}Inicie o jogo com o personagem selecionado{/}
UI_20150317_001000	{@St43}{s26}Nome do time{/}
UI_20150317_001001	{@st59}Nome do time{/}
UI_20150317_001002	{@st41b}Mudar o nome do time{/}
UI_20150317_001003	{@st59} Mude o nome do seu time{/}
UI_20150317_001004	{@St41}Mascote{/}
UI_20150317_001005	Puxar Chat
UI_20150317_001006	{@St44}Novo nome de Diálogo{/}
UI_20150317_001007	{@St42}Mudar{/}
UI_20150317_001008	{@St44}Novo nome de Janela{/}
UI_20150317_001009	{@St43}{s40}{gr gradation4}Criação de Personagem{/}
UI_20150317_001010	{@St59}Criar um personagem{/}
UI_20150317_001011	{@St59}Cancelar criação de personagem{/}
UI_20150317_001012	{@St59}Fechar{/}
UI_20150317_001013	{@St59}Criar o time com o nome escolhido{/}
UI_20150317_001014	{@St43}{s30}{#f0dcaa}Coloque o nome do seu time!
UI_20150317_001015	{memo X}{@St41b}O Nome do time representa os seus Personagens.{nl}Este nome será usado universalmente durante negociações, quando entrar em uma Guilda, chats e outros. {nl}O nome do time pode ser alterado a qualquer momento.{/}
UI_20150317_001016	Imagem de carregamento
UI_20150317_001017	Dica
UI_20150317_001018	Dicas de jogo
UI_20150317_001019	Logar
UI_20150317_001020	ID da conta
UI_20150317_001021	{@st59}Coloque o ID da sua Conta{/}
UI_20150317_001022	Senha
UI_20150317_001023	{@St59}Digite sua senha{/}
UI_20150317_001024	{@St43}Entrar{/}
UI_20150317_001025	{@St59}Conectar ao servidor selecionado{/}
UI_20150317_001026	{@st41b}Replay{/}
UI_20150317_001027	{@st41b}Modo único{/}
UI_20150317_001028	{@St41b}Sair do Jogo{/}
UI_20150317_001029	Salvar
UI_20150317_001030	{@St59}Se checado, sua conta será salva{/}
UI_20150317_001031	Servidores
UI_20150317_001032	{@St59}Selecione Servidor{/}
UI_20150317_001033	Titulo de Login
UI_20150317_001034	[Versão Closed Beta]
UI_20150317_001035	Opções
UI_20150317_001036	Alcance da Visão
UI_20150317_001037	{S20}{#BBBBBB}Alcance da Visão
UI_20150317_001038	Alcance da visão :
UI_20150317_001039	Personagem :
UI_20150317_001040	Objetos de Fundo :
UI_20150317_001041	Grama - Topografia (%) :
UI_20150317_001042	Árvore-Topográfica (%) :
UI_20150317_001043	Objetos-Topográficos(%) :
UI_20150317_001044	Sombra
UI_20150317_001045	{S20}{#BBBBBB}Sombra dos Mapas
UI_20150317_001046	Usar Sombra dos Mapas
UI_20150317_001047	Qualidade da sombra :
UI_20150317_001048	SSAO Uso
UI_20150317_001049	SSAO Metodo :
UI_20150317_001050	SSAO Resolução :
UI_20150317_001051	Reflecção da água
UI_20150317_001052	{s20}{#BBBBBB}Reflecção da água
UI_20150317_001053	Reflecção dos personagens na água
UI_20150317_001054	Reflecção de fundo da água
UI_20150317_001055	{s20}{#BBBBBB}Opções de Brilho
UI_20150317_001056	Usar Brilho
UI_20150317_001057	{@st41}Ataque{/}
UI_20150317_001058	{@St41}Defesa{/}
UI_20150317_001059	{@st41}Suporte{/}
UI_20150317_001060	{@St41}Dificuldade{/}
UI_20150317_001061	{@St41}Penteado
UI_20150317_001062	{@St41}Rotação
UI_20150317_001063	{@St43}Criar Personagem
UI_20150317_001064	{@St59}Criar o personagem atual{/}
UI_20150317_001065	{@St41b}Cancelar
UI_20150317_001066	{@St59}Cancelar escolha de personagem{/}
UI_20150317_001067	Informações do Personagem
UI_20150317_001068	{@t41}Trazer junto
UI_20150317_001069	{@St59}Após clicar, selecione um personagem para o mascote seguir{/}
UI_20150317_001070	UI da Crição de item
UI_20150317_001071	{S24}Nome :
UI_20150317_001072	{S16} FOR :
UI_20150317_001073	{S16} HP :
UI_20150317_001074	{S16} AGI :
UI_20150317_001075	{S16} VIT :
UI_20150317_001076	{S16} Força :
UI_20150317_001077	{S18} Selecionar Classe
UI_20150317_001078	{S18} União de Direita
UI_20150317_001079	{S18} Providência de União Maligna
UI_20150317_001080	Hong Moo Moon
UI_20150317_001081	Dae Do Cheon
UI_20150317_001082	Espadas de Fogo
UI_20150317_001083	Para adenomas hwageuk
UI_20150317_001084	Puncture sex
UI_20150317_001085	Yeonhwagyo
UI_20150317_001086	{S16}Sexo e aparencia
UI_20150317_001087	Masculino
UI_20150317_001088	Feminino
UI_20150317_001089	Ajustar Penteado
UI_20150317_001090	Ajustar Atalhos
UI_20150317_001091	Largura do ombro
UI_20150317_001092	Tamanho das mãos e dos pés
UI_20150317_001093	Tamanho do corpo
UI_20150317_001094	Tamanho da cintura
UI_20150317_001095	Tamanho do Quadril
UI_20150317_001096	{S18} Tamanho da cabeça
UI_20150317_001097	{S14} Ajuste de Peso
UI_20150317_001098	{S14} Largura do ombro
UI_20150317_001099	{S14} Tamanho das mãos e dos pés
UI_20150317_001100	{S14} Tamanho do corpo
UI_20150317_001101
UI_20150317_001102
UI_20150317_001103
UI_20150317_001104
UI_20150317_001105
UI_20150317_001106
UI_20150317_001107
UI_20150317_001108
UI_20150317_001109
UI_20150317_001110
UI_20150317_001111
UI_20150317_001112
UI_20150317_001113
UI_20150317_001114
UI_20150317_001115
UI_20150317_001116
UI_20150317_001117
UI_20150317_001118
UI_20150317_001119
UI_20150317_001120
UI_20150317_001121
UI_20150317_001122
UI_20150317_001123
UI_20150317_001124
UI_20150317_001125
UI_20150317_001126
UI_20150317_001127
UI_20150317_001128
UI_20150317_001129
UI_20150317_001130
UI_20150317_001131
UI_20150317_001132
UI_20150317_001133
UI_20150317_001134
UI_20150317_001135
UI_20150317_001136
UI_20150317_001137
UI_20150317_001138
UI_20150317_001139
UI_20150317_001140
UI_20150317_001141
UI_20150317_001142
UI_20150317_001143
UI_20150317_001144
UI_20150317_001145
UI_20150317_001146
UI_20150317_001147
UI_20150317_001148
UI_20150317_001149
UI_20150317_001150
UI_20150317_001151
UI_20150317_001152
UI_20150317_001153
UI_20150317_001154
UI_20150317_001155
UI_20150317_001156
UI_20150317_001157
UI_20150317_001158
UI_20150317_001159
UI_20150317_001160
UI_20150317_001161
UI_20150317_001162
UI_20150317_001163
UI_20150317_001164
UI_20150317_001165
UI_20150317_001166
UI_20150317_001167
UI_20150317_001168
UI_20150317_001169
UI_20150317_001170
UI_20150317_001171
UI_20150317_001172
UI_20150317_001173
UI_20150317_001174
UI_20150317_001175
UI_20150317_001176
UI_20150317_001177
UI_20150317_001178
UI_20150317_001179
UI_20150317_001180
UI_20150317_001181
UI_20150317_001182
UI_20150317_001183
UI_20150317_001184
UI_20150317_001185
UI_20150317_001186
UI_20150317_001187
UI_20150317_001188
UI_20150317_001189
UI_20150317_001190
UI_20150317_001191
UI_20150317_001192
UI_20150317_001193
UI_20150317_001194
UI_20150317_001195
UI_20150317_001196
UI_20150317_001197
UI_20150317_001198
UI_20150317_001199
UI_20150317_001200
UI_20150317_001201
UI_20150317_001202
UI_20150317_001203
UI_20150317_001204
UI_20150317_001205
UI_20150317_001206
UI_20150317_001207
UI_20150317_001208
UI_20150317_001209
UI_20150317_001210
UI_20150317_001211
UI_20150317_001212
UI_20150317_001213
UI_20150317_001214
UI_20150317_001215
UI_20150317_001216
UI_20150317_001217
UI_20150317_001218
UI_20150317_001219
UI_20150317_001220
UI_20150317_001221
UI_20150317_001222
UI_20150317_001223
UI_20150317_001224
UI_20150317_001225
UI_20150317_001226
UI_20150317_001227
UI_20150317_001228
UI_20150317_001229
UI_20150317_001230
UI_20150317_001231
UI_20150317_001232
UI_20150317_001233
UI_20150317_001234
UI_20150317_001235
UI_20150317_001236
UI_20150317_001237
UI_20150317_001238
UI_20150317_001239
UI_20150317_001240
UI_20150317_001241
UI_20150317_001242
UI_20150317_001243
UI_20150317_001244
UI_20150317_001245
UI_20150317_001246
UI_20150317_001247
UI_20150317_001248
UI_20150317_001249
UI_20150317_001250
<<<<<<< HEAD
UI_20150317_001251	Alarme de Evolução
UI_20150317_001252	Coração
UI_20150317_001253	N/A
UI_20150317_001254	%s Level
UI_20150317_001255	Memo : {#666666}%s
UI_20150317_001256	Ayase
UI_20150317_001257	Relação com o %s
UI_20150317_001258	{#FFFF33}%s{/} quer ser seu amigo(a){/}
UI_20150317_001259	{@St41b}Aceitar
UI_20150317_001260	{@St41b}Recusar
UI_20150317_001261	{@St53b}Carregando a sua lista de amigos.
UI_20150317_001262	Level %s{/}
UI_20150317_001263	{@st41} Cancelar
UI_20150317_001264	Por favor registre o Buff para venda.
UI_20150317_001265	Preço : %s{/}
UI_20150317_001266	Montante faltando
UI_20150317_001267	{@St41}Comprar
UI_20150317_001268	Montanto fantando : %s {/}
UI_20150317_001269	{@St41}Item{/}
UI_20150317_001270	{@St41b} Memo
UI_20150317_001271	{@St41b}Criação
UI_20150317_001272	{@St41b}Preço : %s{/}
UI_20150317_001273	{@Sti5}Preço : %s{/}
UI_20150317_001274	{@Sti9} Quest de Grupo (%s){/}
UI_20150317_001275	{@st41_yellow} Média Explorada %s% {/}
UI_20150317_001276	{@st41_yellow} Pontos %s {/}
UI_20150317_001277	{@st42b}{b}Taxa de conquistas{/}
UI_20150317_001278	{@st59}Juntar-se a quest de grupo{/}
UI_20150317_001279	Janelas
UI_20150317_001280	Status
UI_20150317_001281	Aba
UI_20150317_001282	Imagem do Item
UI_20150317_001283	Efeito
UI_20150317_001284	Defina os Controles
UI_20150317_001285	{@St41}Dificuldade : %s
UI_20150317_001286	{@St42}Tempo restante : %s
UI_20150317_001287	{@St53}Criação de item
UI_20150323_001288	{@st59}Coloque o seu item aqui{/}
UI_20150323_001289	{@st42}Cancelar
UI_20150323_001290	{@st42}Confirmar
UI_20150323_001291	{@st43}Briquetting{/}
UI_20150323_001292	Potencial Atual
UI_20150323_001293	Materiais Consumíveis
UI_20150323_001294	Consumir Quantidade
UI_20150323_001295	Quantidade disponível
UI_20150323_001296	{@sti6}Histórico de transações
UI_20150323_001297	{@st43}Acampamento
UI_20150323_001298	Nome do Quadro
UI_20150323_001299	{@st43}Construir
UI_20150323_001300	{@stc1}Duração do acampamento
UI_20150323_001301	{@stc1}Efeito
UI_20150323_001302	{@stc1}Materiais e Preço
UI_20150323_001303	{@st41b}Acampamento
UI_20150323_001304	{@st41b}Registro
UI_20150323_001305	{@st41b}Renovar
UI_20150323_001306	{@st59}Renovar tempo de duração{/}
UI_20150323_001307	{@st41b}Tempo de duração do acampamento
UI_20150323_001308	{@st41b}Efeito
UI_20150323_001309	{@st42b}Acampamento dura mais 24 horas quando renovado. Consome %s pratas.
UI_20150323_001310	{@st41b}Armazém
UI_20150323_001311	{@stc1}Colocar ou retirar itens do armazém custa %s pratas.{/}
UI_20150323_001312	{@st41}{#ffff00}Travar alvo{/}
UI_20150323_001313	{@st43}Mesa de Refeições
UI_20150323_001314	{@st41b}Tipo de comida
UI_20150323_001315	{@st41b}Mesa
UI_20150323_001316	{@st59}Fechar{/}
UI_20150323_001317	{@st43}Grimório{/}
UI_20150323_001318	{@st59}Fechar Janela do Grimório{/}
UI_20150323_001319	Habilidades da minha invocação
UI_20150323_001320	Carta Principal
UI_20150323_001321	Carta Secundária
UI_20150323_001322	Status
UI_20150323_001323	CON
UI_20150323_001324	INT
UI_20150323_001325	DEX
UI_20150323_001326	CRT
UI_20150323_001327	{@st43}Colocar Loja{/}
UI_20150323_001328	{@st41b}Configurações
UI_20150323_001329	Preço por Unidade
UI_20150323_001330	{@st41b}Lista de Materiais
UI_20150323_001331	{@st43}Polir Gema{/}
UI_20150323_001332	{@st59}Fechar UI{/}
UI_20150323_001333	{@st41b}Reparar{/}
UI_20150323_001334	{@st41b}Registro{/}
UI_20150323_001335	Valor à Receber
UI_20150323_001336	{@st59}Coloque a Gema{/}
UI_20150323_001337	Materias consumíveis
UI_20150323_001338	Montante Faltando
UI_20150323_001339	{@st42}Fechar
UI_20150323_001340	{@st43}Manutenção de Armas{/}
UI_20150323_001341	{@st43}Manutenção de Equipamentos{/}
UI_20150323_001342	{@st41b}Preço Cobrado
UI_20150323_001343	{@st41b}Materiais
UI_20150323_001344	{@st43}Reparar{/}
UI_20150323_001345	{@st41b}Reparar{/}
UI_20150323_001346	Level da Habilidade
UI_20150323_001347	{@st41}Número de jogadores a entrar
UI_20150323_001348	{@st43}Aprimoramente de Itens no Calabouço
UI_20150323_001349	{@st41}Materias Necessários
UI_20150323_001350	{@st59}Materias Necessários{/}
UI_20150323_001351	Level sugerido : %s
UI_20150323_001352	{@st43}Seleção de Modo da UI{/}
UI_20150323_001353	{@st43}Loja de Compras
UI_20150323_001354	Nome da Loja
UI_20150323_001355	{@st41b}Abrir Loja
UI_20150323_001356	{@st59}Iniciar loja de compras{/}
UI_20150323_001357	{@st59}Cancelar{/}
UI_20150323_001358	{@st59}Fechar loja de compras{/}
UI_20150323_001359	Requisitar compra
UI_20150323_001360	{@st59}Fechar loja de compras
UI_20150323_001361	{@st59}Loja de compras{nl} - Troque seus itens por prata
UI_20150323_001362	{@st43}Itens que o comprador quer{/}
UI_20150323_001363	{@st43}Itens à venda
UI_20150323_001364	{@st43}Lucro total
UI_20150323_001365	{@st41}Vender
UI_20150323_001366	{@st41}Materiais de Alquimia
UI_20150323_001367	{@st41}Alquimia Resultado {@stx1}(%s Necessário){/}
UI_20150323_001368	{@st59}Invocar Mascote{/}
UI_20150323_001369	{@st41b}Personagem{/}
UI_20150323_001370	{@st59}Grimório{/}
UI_20150323_001371	{@st41b}Aplicar Bloom{/}
UI_20150323_001372	{@st41b}Aplicar Vignette{/}
UI_20150323_001373	{@st41b}Aplicar FXAA{/}
UI_20150323_001374	{@st41b}Aplicar GLOW{/}
UI_20150323_001375	{@st41b}Aplicar Depth {/}
UI_20150323_001376	{@st41b}Aplicar SoftParticle{/}
UI_20150323_001377	{@st43}Armazém{/}
UI_20150323_001378	{@st59}Fechar Armazém{/}
UI_20150323_001379	{@sti6}Colocar ou retirar itens do armazém custa %s prata.{/}
UI_20150323_001380	{@st59}Alt+Z para trocar de arma{/}
UI_20150323_001381	{@st59}Salvar configurações do Alojamento{/}
UI_20150323_001382	Alterar alojamento
UI_20150323_001383	{@st59}Fechar Janela do alojamento
UI_20150323_001384	{@st59}Alterar alojamento{nl} - Altere o alojamento para alterar o mapa e expandir slots.
UI_20150323_001385	{@st41}Cacelar Pré-Visualização
UI_20150323_001386	{@st46}Minhas Moedas : %s{/}
UI_20150323_001387	{@st41b}Alterar Alojamento{/}
UI_20150323_001388	{@st59}Decorar alojamento{/}
UI_20150323_001389	{@st41b}Configurações do alojamento{/}
UI_20150323_001390	{@st59}Alterar configurações do alojamento {/}
UI_20150323_001391	{@st45ty}Cumprimentos do Personagem{/}
UI_20150323_001392	{@st45ty}Loja de Compras
UI_20150323_001393	{@st41b}Alterar
UI_20150323_001394	{@st59}Alterar cumprimentos do personagem{/}
UI_20150323_001395	{@st59}Colocar Loja de compras{/}
UI_20150323_001396	Comprar quantidade. : %s{/}
UI_20150323_001397	Procurar itens para compra
UI_20150323_001398	Quantidade
UI_20150323_001399	Preço unitário
UI_20150323_001400	{@sti5}%s cada{/}
UI_20150323_001401	{@st41}Comer
UI_20150323_001402	{@st41}Criar
UI_20150323_001403	{@st41}Quantidade
UI_20150323_001404	{@st41}Materias Consumiveis
UI_20150401_001405	{@st59}Fechar Briquetting{/}
UI_20150401_001406	{@st41}Desfazer acampamento
UI_20150401_001407	{@st43}[Ciclo %s]{/}
UI_20150401_001408	{@st43}Habilidade{/}
UI_20150401_001409	{@st43}Dica de Classe{/}
UI_20150401_001410	Dica de Classe
UI_20150401_001411	{@st42}{#ffff00}Travar Alvo {/}
UI_20150401_001412	{@st41}Remover Mesa
UI_20150401_001413	{@st43}Tingindo{/}
UI_20150401_001414	Atalho do Joystick
UI_20150401_001415	{@st42}{#ffff00}Modo Teclado{/}
UI_20150401_001416	{@st43}Abrir Caixa de Ofertas
UI_20150401_001417	{@st41b}Abrir
UI_20150401_001418	{@st41b}Caixa de Ofertas
UI_20150401_001419	{@st41}Nome da Caixa de Ofertas
UI_20150401_001420	Pagamento
UI_20150401_001421	Lucro Estimado
UI_20150401_001422	Fundos
UI_20150401_001423	{@st45tw}Detalhes dos Items da Caixa de Ofertas
UI_20150401_001424	{@st41}Vender tudo
UI_20150401_001425	{@st43}Caixa de Ofertas
UI_20150401_001426	Oferta
UI_20150401_001427	Finalizar Transação
UI_20150401_001428	Balanço estimado
UI_20150401_001429	{@st45tw}Caixa de Ofertas
UI_20150401_001430	{@st41}Vazio
UI_20150401_001431	{@st43}Lista de usuários na Zona{/}
UI_20150401_001432	{@st59}Fechar a UI da lista do GM{/}
UI_20150401_001433	{@st41}Descrição do Grupo :
UI_20150401_001434	{s20}Quantidade de Veneno {s28}{b}{#ff6600}%s
UI_20150401_001435	Materiais para Veneno
UI_20150401_001436	{@st41b}Selecionar tudo{/}
UI_20150401_001437	{@st59}Descelecionar tudo quando clicar denovo{/}
UI_20150401_001438	{@st41b}Criar{/}
UI_20150401_001439	{@st59}Mistura, mistura, vira e mistura{/}
UI_20150401_001440	{@st41b}Conquistas{/}
UI_20150401_001441	Cor do Penteado
UI_20150401_001442	Títulos Disponíveis
UI_20150401_001443	{@st41b}Modo Interface{/}
UI_20150401_001444	{@st41}{#ffffcc}Nome
UI_20150401_001445	{@st41}{#ffffcc}Preço
UI_20150401_001446	{@st41}{#ffffcc}Status
UI_20150401_001447	{@st41b}Cancelar Pré-Visualização
UI_20150401_001448	{@st41}{#ffff00}Minhas Moedas : %s{/}
UI_20150401_001449	Equipado
UI_20150401_001450	Descrição : {#FFFF00}%s{/}
UI_20150401_001451	Level Médio : {#FFFF00}%s{/}
UI_20150401_001452	Condições
UI_20150401_001453	Tituto %s
UI_20150401_001454	Recompensa %s
UI_20150401_001455	{@st42}Quantia
UI_20150406_001456	{@st43}Acampamento
UI_20150406_001457	{@st42}Construir
UI_20150406_001458	{@st42}Cancelar
UI_20150406_001459	{@stc1}Duração do acampamento
UI_20150406_001460	{@st41b}Acampamento
UI_20150406_001461	{@st41b}Duração do acampamento
UI_20150406_001462	{@st42b}O acampamento dura mais 24 horas quando renovado. {nl}%s pratas serão consumidas.
UI_20150406_001463	{@st41}Remover Acampamento
UI_20150406_001464	{@st42}Remover Tabela
UI_20150406_001465	{@st59b}Grimório{nl}{@st59s} - Coloque uma carta no deck para iniciar a invocação{/}
UI_20150406_001466	{@st41}Habilidades da minha invocação
UI_20150406_001467	{@st41}Status
UI_20150406_001468	{@st41b}Nome da Caixa de Ofertas
UI_20150406_001469	{@st41b}Detalhes da Caixa de Ofertas
UI_20150406_001470	{@st59}Fechar Loja de Compras
UI_20150406_001471	{@st59b}Loja de Compras{nl}{@st59s} - Trocar itens por prata
UI_20150406_001472	{@st41b}Outro item requisitado do jogador{/}
UI_20150406_001473	{@st41b}Itens Disponíveis{/}
UI_20150406_001474	{@st41b}Vendas Totais
UI_20150406_001475	{@st41b}Vender
UI_20150406_001476	{@st59}Vender o(s) Item(s) que você adicionou.{/}
UI_20150406_001477	{@st59}Fechar Armazem{/}
UI_20150406_001478	{@st41b} %s prata é consumida quando você usa o armazem.{/}
UI_20150406_001479	{@st41b}Quantidade
UI_20150414_001480	{@st42b}A duração do seu acampamento pode ser aumentada.{nl} Custa %s Pratas .
UI_20150414_001481	{@st41b}Tipo {@sti7}%s{/}
UI_20150414_001482	{@st41b}Controlar Dificuldade {@sti7}%s{/}
UI_20150414_001483	{@st59b} Item {/}
UI_20150414_001484	{@st59b} Monstro {/}
UI_20150414_001485	{@st59b} Mover Mapa {/}
UI_20150414_001486	{@st59b} Comando de Batalha {/}
UI_20150414_001487	{s26}{b}
UI_20150414_001488	{s26}{b}Level
UI_20150414_001489	{@st44}{s26}Level
UI_20150414_001490	{@st59b}{s26}cada
UI_20150414_001491	{@st41b}Cozinhar
UI_20150414_001492	{@st41b}Comida
UI_20150414_001493	{@st42}Remover Mesa
UI_20150414_001494	{@st41b}Registros{/}
UI_20150414_001495	{@st41}Descrição de Grupo
UI_20150414_001496	{@st41b}Entrar{/}
UI_20150414_001497	Level de Polimento %s
UI_20150428_001498	{@st43}Loja de Compras{/}
UI_20150428_001499	{@st41b}Fechar
UI_20150428_001500	{@st41b}Reporte BUG
UI_20150428_001501	{@st59}Nos notifique sobre bugs e problemas{/}
UI_20150428_001502	Quando você reporta um bug, o seu gameplay até aquele ponto será enviado para o nosso servidor. O arquivo de replay irá ajudar muito com o conserto do BUG. Deseja enviar?
UI_20150428_001503	{@st41b}Descrição do BUG :{/}
UI_20150428_001504	{@st41b}Colocar uma descrição não é obrigatório, mas irá nos ajudar muito na análise do BUG.
UI_20150428_001505	{@st41b}Enviar
UI_20150428_001506	{@st42}{s14}{#ffff00}Travar Alvo{/}
UI_20150428_001507	{@st59}Trava o alvo independente de distancia ou direção
UI_20150428_001508	Grupo Encontrado!
UI_20150428_001509	Atalho de descanço do Joypad
UI_20150428_001510	{@st41b}Modo de Descanço
UI_20150428_001511	Tutorial do Joypad
UI_20150428_001512	{@st59}Fechar Tutorial do Joypad.(M){/}
UI_20150428_001513	Tutorial do Teclado
UI_20150428_001514	{@st44}Deslogar{/}
UI_20150428_001515	{memo X}{@st41b}Leave Helper(Requer %s Moedas){/}
UI_20150428_001516	Custo para adicionar Soquete : {#ff9933}%s{/}{nl}Custo para remover Gema : {#ff9933}%s{/}
UI_20150428_001517	{@st41b}Remover Gema
UI_20150428_001518	{@st42}{s14}{#ffff00}Modo da UI{/}
UI_20150428_001519	{@st59}Use o Teclado ou Joypad Para controlar a UI
UI_20150428_001520	Usar procura de Grupos
UI_20150428_001521	Quando um jogador corresponder às condições do seu grupo, a mensagem [Grupo correspondente encontrado!] será mostrada.
UI_20150428_001522	{@st41}Estilo de Jogo{/}
UI_20150428_001523	Quest
UI_20150428_001524	Caça
UI_20150428_001525	Eventos
UI_20150428_001526	{@st41}Diferença de Level{/}
UI_20150428_001527	Não Relatado
UI_20150428_001528	{@st41}Tipo de Classe Desejada{/}
UI_20150428_001529	{@st41b}Sair do Grupo
UI_20150428_001530	{@st59}Procurar por descrição de grupo{/}
UI_20150428_001531	{s18}{ol}{gr gradation1}Auxiliar de Regras{/}
UI_20150428_001532	{@st59}Proceder Criação.{/}
UI_20150428_001533	{@st45ty}Cor do Penteado
UI_20150428_001534	{@st45ty}Titulo Disponível
UI_20150428_001535	{@st41_yellow}Auxiliar de Habilidades
UI_20150428_001536	{@st41b}Mostrar o nome de outros personagens{/}
UI_20150428_001537	{@st43}Modo da UI{/}
UI_20150428_001538	{@st41b}Auto{/}
UI_20150428_001539	{@st41b}Joypad{/}
UI_20150428_001540	{@st41b}Teclado{/}
UI_20150428_001541	Joypad
UI_20150428_001542	{@st59}Info do Joypad{/}
UI_20150428_001543	Teclado
UI_20150428_001544	{@st59}Info do Teclado{/}
UI_20150428_001545	{@st43}Configurações Gráficas{/}
UI_20150428_001546	{@st43}Performance{/}
UI_20150428_001547	{@st41b}Modo de Baixa Performance{/}
UI_20150428_001548	{@st41b}Auto Ajustar{/}
UI_20150428_001549	{@st41b}Não usar{/}
UI_20150428_001550	FAQ do Jogo
UI_20150428_001551
UI_20150428_001552
UI_20150511_001553
UI_20150714_001554
UI_20150714_001555
UI_20150714_001556
UI_20150714_001557
UI_20150714_001558
UI_20150714_001559
UI_20150714_001560
UI_20150714_001561
UI_20150714_001562
UI_20150714_001563
UI_20150714_001564
UI_20150714_001565
UI_20150714_001566
UI_20150714_001567
UI_20150714_001568
UI_20150714_001569
UI_20150714_001570
UI_20150714_001571
UI_20150714_001572
UI_20150714_001573
UI_20150714_001574
UI_20150714_001575
UI_20150714_001576
UI_20150714_001577
UI_20150714_001578
UI_20150714_001579
UI_20150714_001580
UI_20150714_001581
UI_20150714_001582
UI_20150714_001583
UI_20150714_001584
UI_20150714_001585
UI_20150714_001586
UI_20150714_001587
UI_20150714_001588
UI_20150714_001589
UI_20150714_001590
UI_20150714_001591
UI_20150714_001592
UI_20150714_001593
UI_20150714_001594
UI_20150714_001595
UI_20150714_001596
UI_20150714_001597
UI_20150714_001598
UI_20150714_001599
UI_20150714_001600
UI_20150714_001601
UI_20150714_001602
UI_20150714_001603
UI_20150714_001604
UI_20150714_001605
UI_20150714_001606
UI_20150714_001607
UI_20150714_001608
UI_20150714_001609
UI_20150714_001610
UI_20150714_001611
UI_20150714_001612
UI_20150714_001613
UI_20150714_001614
UI_20150714_001615
UI_20150714_001616
UI_20150714_001617
UI_20150714_001618
UI_20150714_001619
UI_20150714_001620
UI_20150714_001621
UI_20150714_001622
UI_20150714_001623
UI_20150714_001624
UI_20150714_001625
UI_20150714_001626
UI_20150714_001627
UI_20150714_001628
UI_20150714_001629
UI_20150714_001630
UI_20150714_001631
UI_20150714_001632
UI_20150714_001633
UI_20150714_001634
UI_20150714_001635
UI_20150714_001636
UI_20150714_001637
UI_20150714_001638
UI_20150714_001639
UI_20150714_001640
UI_20150714_001641
UI_20150714_001642
UI_20150714_001643
UI_20150714_001644
UI_20150714_001645
UI_20150714_001646
UI_20150714_001647
UI_20150714_001648
UI_20150714_001649
UI_20150714_001650
UI_20150714_001651
UI_20150714_001652
UI_20150714_001653
UI_20150714_001654
UI_20150714_001655
UI_20150714_001656
UI_20150714_001657
UI_20150714_001658
UI_20150714_001659
UI_20150714_001660
UI_20150714_001661
UI_20150714_001662
UI_20150714_001663
UI_20150714_001664
UI_20150714_001665
UI_20150714_001666
UI_20150714_001667
UI_20150714_001668
UI_20150714_001669
UI_20150714_001670
UI_20150714_001671
UI_20150714_001672
UI_20150714_001673
UI_20150714_001674
UI_20150714_001675
UI_20150714_001676
UI_20150714_001677
UI_20150714_001678
UI_20150714_001679
UI_20150714_001680
UI_20150714_001681
UI_20150714_001682
UI_20150714_001683
UI_20150714_001684
UI_20150714_001685
UI_20150714_001686
UI_20150714_001687
UI_20150714_001688
UI_20150714_001689
UI_20150714_001690
UI_20150714_001691
UI_20150714_001692
UI_20150714_001693
UI_20150717_001694
UI_20150717_001695
UI_20150717_001696
UI_20150717_001697
UI_20150717_001698
UI_20150717_001699
UI_20150717_001700
UI_20150717_001701	{@st59}Organizar Inventário{/}
UI_20150717_001702	Organizar
UI_20150717_001703	{@st59}Fechar informações de controle do Joypad.{/}
UI_20150717_001704	{@st59}Fechar informações de controle do teclado.{/}
UI_20150717_001705	Tutorial do mouse
UI_20150717_001706	{@st59}Fechar informações de controle do mouse.{/}
UI_20150717_001707	Ataque : %s
UI_20150717_001708	Defesa  : %s
UI_20150717_001709	STR : %s
UI_20150717_001710	CON : %s
UI_20150717_001711	INT : %s
UI_20150717_001712	DEX : %s
UI_20150717_001713	SPR : %s
UI_20150717_001714	{@st42}{b}A classe espadachim e suas evoluções pode correr ao pressionar duas vezes as setas de movimento{/}
UI_20150717_001715	{@st42}Nome e descrição do Grupo{/}
UI_20150717_001716	{@st42}Inserir tag do grupo
UI_20150717_001717	{@st41b}Lista pública de grupos{/}
UI_20150717_001718	{@st41b}Lista de Personagens Recomendados{/}
UI_20150717_001719	{@st41b}Receber Recomendação
UI_20150717_001720	Pode ser usado apenas por lideres de grupo.
UI_20150717_001721	Você precisa usar a função de recomendação de membros para grupo.
UI_20150717_001722	{@st66b}Quest Classe Nome{/}
UI_20150717_001723	{@st59b}Loja{nl}{@st59s} - Use Shift + Click-Direito e entre a quantidade que deseja comprar/vender{nl} - Click-Direito duas vezes para vender todos os itens{/}
UI_20150717_001724	{@st59}Info do Mouse{/}
UI_20150717_001725	{@st66b}Organizar
UI_20150717_001726	{@st59}Organizar itens.{/}
UI_20150717_001727	{@st59}Equipe armas neste slot{nl}Aperte Alt+Z para trocar de armas{/}
UI_20150717_001728	Observar outro jogador
UI_20150717_001729	{@st41}Campo de Batalha
UI_20150717_001730	Resultados
UI_20150717_001731	{@st41}Mover imediatamente
UI_20150717_001732	{@St41b}       O nome do time representa todos os seus personagens.{nl}      É o nome comum usado junto ao jogo.{nl}               O nome do time pode ser mudado posteriormente.{/}
UI_20150729_001733	{@st42}Mostrar apenas os talentos disponíveis{/}
UI_20150729_001734	Contagem de pés
UI_20150729_001735	Chave
UI_20150729_001736	Peso
UI_20150729_001737	{@st43}Polir Gema{/}
UI_20150729_001738	{@st59b}Criação de itens{nl}{@st59s} - Você pode criar itens usando suas receitas{nl} - Coloque a receita e os materiais no slot de criação{nl} - Você pode selecionar um nome e uma descrição para o item{/}
UI_20150729_001739	{@st59}Fechar criação de flechas.{/}
UI_20150729_001740	Fragmentos Necessários : Mutante %s / Besta %s / Planta %s
UI_20150729_001741	{@st42b}Espadachins e evoluções podem correr clicando duas vezes nas setas.{/}
UI_20150729_001742	{@st41}Opções de grupo
UI_20150729_001743	{@st41}Opções de recrutamento do grupo
UI_20150729_001744	{@st42}Função de localização de grupos{/}
UI_20150729_001745	Quando um jogador corresponde os critérios determinados, a mensagem [Jogador Encontrado!] será mostrada.
UI_20150729_001746	{@st41b}Lista de jogadores recomendados{/}
UI_20150729_001747	{@st41}Informações dos atributos
UI_20150729_001748	{@st59}Cancelar aprimoramento{/}
UI_20150729_001749	{@st59b}Aprimoramento de Gema/Carta{nl}{@st59s} - Selecione Gema ou Carta para aprimorar no seu inventário{nl} - Todos os itens exceto itens de quest podem ser usados como material de criação{nl} (Mais efetivo quando usando gemas como material){nl} - Cartas podem apenas serem aprimoradas usando outras cartas{/}
UI_20150729_001750	{memo X}{#000000}{s22}Fila do Servidor
UI_20150729_001751	{memo X}{#000000}{s22}Servidor cheio. Entrando na Fila.
UI_20150729_001752	{memo X}{#000000}{s22}Posição atual : %s
UI_20150729_001753	{@st43}Liga de batalha em grupo
UI_20150729_001754	{@st59}Fechar liga de batalha em grupo
UI_20150729_001755	{@st42}Cronograma da liga de batalha em grupo
UI_20150729_001756	{@st43}Ranks da liga de batalha em grupo
UI_20150729_001757	{@st59}Fechar Rank da Liga de Batalhas em Grupo
UI_20150729_001758	Nome do Time
UI_20150729_001759	{@st41b}Nome da habilidade
UI_20150729_001760	{@st59}Aceitar missão de grupo{/}
UI_20150729_001761	{@st59}Deletar este ticket.{/}
UI_20150729_001762	Pontuação
UI_20150729_001763	Entrar na Liga de batalha em grupo
UI_20150730_001764	{@st56}Meu Rank
UI_20150730_001765	{@st56}Rank de Mortes
UI_20150730_001766	{@st56}Rank de dano
UI_20150803_001767	Geral: /s chat{nl}Gritar: /y chat {nl}Grupo: /p chat{nl} Msg.Priv: /w Nome, Chat
UI_20150803_001768	{@st66b}Vibrar Controle{/}
UI_20150803_001769	Partida encontrada. Por favor espere o jogo começar.
UI_20150804_001770	${memo had to be shortened to fit the UI}{@st43}{s18}Escolha o personagem que receberá o item(s).{/}
UI_20150804_001771	$Soquetes Máximos: %s
UI_20150807_001772	{@st41b}Detalhes {img red_down_arrow 16 16}
UI_20150807_001773	{memo X}
UI_20150807_001774	{memo X}
UI_20150918_001775	Duração do acampamento
UI_20150918_001776	Efeito
UI_20150918_001777	A duração do acampamento aumenta quando é renovado{nl} Requer %s pratas.
UI_20150918_001778	Armazem pessoal
UI_20150918_001779	{@st41b}Tipo : {@sti7}%s{/}
UI_20150918_001780	{@st41b}Dificuldade : {@sti7}%s{/}
UI_20150918_001781	{#ffff00}{ol}%s{/}{/} Jogadores parecidos com este personagem
UI_20150918_001782	{@st43}Calabouços instânciados
UI_20150918_001783	{@st41}Checar Localização
UI_20150918_001784	{#000000}Nome do Calabouço{/}
UI_20150918_001785	{#000000}Level para entrar{/}
UI_20150918_001786	{#000000}Contador de entrada{/}
UI_20150918_001787	{#000000}O número de entradas vai resetar em %s.{/}
UI_20150918_001788	{img prata 20 20} Preço
UI_20150918_001789	Grupos Próximos
UI_20150918_001790	Fragmentos necesários: %s
UI_20150918_001791	{@st66b}Vazio
UI_20150918_001792	{@st42}Mostrar grupos próximos{/}	
UI_20150918_001793	Amizade com {@sti9}%s{@st66b} : {@st66b}Level{/} {@sti9}%s {@st66b}
UI_20150918_001794	Amizade	
UI_20150918_001795	{@st41b}Materiais para criação de itens obtidos!
UI_20150918_001796	{@st66b}{s20}Você se tornou {/}{s20}{#cc6600}{ol}Incapaz de combater {/}{@st66b}{s20}!{/}
UI_20150918_001797	{@st66b}Reiniciar a partir do ponto de ressusitação mais próximo{/}
UI_20150918_001798	{@st66b}Reiniciar aqui (requer %s Ouro){/}
UI_20150918_001799	{@st66b}Retornar ao campo{/}
UI_20150918_001800	{@st66b}Abandonar a quest e tentar novamente{/}
UI_20150918_001801	{@st66b}Tentar denovo{/}
UI_20150918_001802	{@st66b}Itens vendidos{/}
UI_20150918_001803	{@st53}Pontos do rank:				
UI_20150918_001804	Total inegociável:
UI_20150918_001805	{@st42b}Checar Dialogo{/}
UI_20150918_001806	{@st66b}Dar comida aos de fora do grupo{/}
UI_20150918_001807	{@st41b}Alterar título
UI_20150918_001808	{@sti9}Meu rank
UI_20150918_001809	{@sti9}Rank de mortes		
UI_20150918_001810	{@sti9}Rank de dano		
UI_20151001_001811	{@st43}Configurar atalhos{/}		
UI_20151001_001812	{@st45tw2}Categoria	{@st45tw2}				
UI_20151001_001813	Ação				
UI_20151001_001814	Restaurar padrões		
UI_20151016_001815	{@st59}O item selecionado será bloqueado{/}
UI_20151016_001816	{@st59}Você pode escolher e avaliar outros tipos de casa antes de compra-los.
UI_20151016_001817	%s Personagens{/}
UI_20151016_001818	{@st42b}Checar
UI_20151016_001819	{@st42b}Voltar
UI_20151016_001820	{@st42b}Comprar
UI_20151016_001821	{@st42b}Aplicar
UI_20151016_001822	Nome da Guilda e Descrição
UI_20151016_001823	Nome do time
UI_20151016_001824	Titlo
UI_20151016_001825	Notícia
UI_20151022_001826	{@st41}Fila do Servidor
UI_20151022_001827	{#000000}{s18}O servidor está cheio. Entrando na fila.
UI_20151022_001828	{#000000}{s18}Posição atual : %s
UI_20151022_001829	{@st66b}Mostrar efeito de outros personagens
UI_20151102_001830	Moedas
